ARI_2_mean,ATSAVI_mean,blue_mean,CRI_2_mean,DATT_mean,DVI_mean,ENDVI_mean,EVI_mean,EVI_2_mean,GCI_mean,GNDVI_mean,green_mean,MCARI_mean,MCARI_1_mean,MCARI_2_mean,MSAVI_mean,MTCI_mean,MTVI_1_mean,MTVI_2_mean,NDCI_mean,NDRE_mean,NDVI_mean,NDWI_mean,NEXG_mean,NGRDI_mean,nir_mean,NPCI_mean,OSAVI_mean,PSRI_mean,RDVI_mean,RECI_mean,red_mean,rede_mean,RERI_mean,RGVI_mean,RVI_1_mean,RVI_2_mean,R_MCARI_MTVI2_mean,R_TCARI_OSAVI_mean,SAVI_mean,SAVI_2_mean,SIPI_mean,SPVI_mean,SRPI_mean,TCARI_mean,TSAVI_mean,TVI_mean,HEALTH_STA
0,0.28639704,,0.22460341,2.0677896,2.126711,0.031834275,0.10491052,0.5764914,0.052041724,0.35964295,0.13150403,0.16015759,0.049053527,0.08872868,0.08353729,0.048683017,7.167856,0.08872868,0.08353732,0.12575397,0.16375136,0.10115831,0.16308239,0.0813477,0.109220296,0.14761063,0.18669823,0.065642945,0.89180714,0.14981215,0.72785276,0.23443447,0.14629269,0.253365,1.5680964,0.6829948,0.9892047,0.087676816,3.6112733,0.057267394,1.7752242,0.082040936,0.038510986,1.0862315,0.09216042,3.2885962,2.9535024,HEALTHY
0,0.72579986,,0.103872165,2.2366238,4.4503922,0.2237693,0.25062004,0.14717095,0.26433656,1.0492581,0.2933695,0.12343094,inf,0.32633543,1.4650432,0.25217846,5.8313985,0.32633543,1.4650432,0.19052497,0.12332537,0.2996431,0.08953998,0.10373271,0.069091566,0.24494407,0.08945704,0.23731758,0.14442565,0.16152008,0.3030543,0.11833165,0.19111413,0.25481677,1.0104095,inf,1.5438164,0.5022981,3.1172934,0.25704,10.943268,0.3355705,0.36652696,inf,0.22782776,2.9451675,13.454328,HEALTHY
10,0.29887345,,0.23721525,2.1302164,5.2818027,0.034278423,0.10463902,0.6631048,0.055354085,0.36990094,0.13465902,0.1673315,inf,0.09394609,0.12244699,0.05206636,4.5717793,0.09394609,0.12244699,0.1316912,0.16968799,0.1040748,0.1697782,0.081008926,0.10809324,0.15394683,0.19027975,0.06862879,0.75760084,0.15755899,0.50371754,0.24787638,0.15282182,0.26138762,1.5934737,inf,0.9923854,0.08860213,3.410742,0.060684007,1.8210428,0.08195526,0.041897293,inf,0.09325658,2.609968,3.1139774,HEALTHY
10,0.9851469,,0.084240004,2.8740094,2.4915164,0.24516849,0.26157957,0.1629205,0.29596713,1.188792,0.29043865,0.10384261,0.3599525,0.39473405,2.3314307,0.2757579,3.1248312,0.39473405,2.3314307,0.22126822,0.11856144,0.32393348,0.049105827,0.12441878,0.08542534,0.25783622,0.06812889,0.2554625,0.11625797,0.19330508,0.28987622,0.090760484,0.19103096,0.28122568,0.971647,2.017313,1.8133602,0.42042655,2.6527364,0.27815095,14.983758,0.3300318,0.41190258,0.9755513,0.24745904,35.252464,15.762465,HEALTHY
1,0.28472742,,0.21960351,2.1618385,2.6023552,0.028984722,0.09834145,0.45736247,0.047682215,0.3505535,0.12933476,0.15471974,0.046189528,0.07978263,0.14711834,0.0445506,2.5977046,0.079782635,0.14711834,0.12519738,0.15679504,0.09358574,0.16218743,0.07362522,0.10136836,0.14297132,0.17960796,0.060526837,inf,0.14794952,inf,0.22895782,0.14238857,0.26975796,1.5811336,0.6693544,0.99045986,0.0846322,3.06631,0.05259875,2.0600107,0.0746983,0.03496927,1.0694944,0.08583384,1.1217018,2.6352942,HEALTHY
1,1.1287748,,0.08069933,3.11773,1.8951887,0.24284074,0.2602666,0.16890343,0.3019109,1.351242,0.30047104,0.09499002,0.3549722,0.39100736,2.3201432,0.2808102,4.1548343,0.39100736,2.3201432,0.22696525,0.1322071,0.3340746,0.04556121,0.11235029,0.08625655,0.2556107,0.05898235,0.2613629,0.10194734,0.20223114,0.33474365,0.08307339,0.17850511,0.2652768,0.9647019,2.22371,1.9715496,0.45950758,1.9678288,0.28206256,39.05602,0.3315845,0.4085401,1.0026848,0.21701941,56.769505,15.717197,HEALTHY
2,0.28872132,,0.4045356,1.1668081,1.9358835,0.05197348,0.100626275,0.9122803,0.068261266,0.35408735,0.1292308,0.2866553,0.0854075,0.15376359,0.20225208,0.06736375,6.223118,0.15376359,0.20225208,0.12596296,0.1613117,0.09429439,0.16651052,0.078684,0.10709322,0.26221597,0.18175809,0.07209384,inf,0.20393258,inf,0.42337605,0.26153874,0.25079992,1.5836208,0.6676055,0.9840574,0.57624006,8.09023,0.07279965,0.9491563,0.07826745,0.062462855,1.075238,0.15997244,0.091760896,4.9700217,HEALTHY
2,0.51967704,,0.22106782,0.8048341,2.6445005,0.22241737,0.15679339,0.18558353,0.24209946,0.7239475,0.21368207,0.22834162,0.2053727,0.3562001,2.092532,0.22978528,5.1996784,0.3562001,2.092532,0.13649885,0.0959781,0.2395314,0.00927231,0.04689505,0.041709412,0.37456283,0.010852652,0.20326939,0.023713341,0.16649042,0.23238173,0.21597947,0.29979452,inf,0.9618208,1.6348217,1.5198692,0.3267773,3.3914986,0.23155078,2.7016325,0.23331536,0.3724047,1.0221283,0.24938828,0.3943847,14.255876,HEALTHY
3,1.210966,,0.38459414,4.5984645,3.9900832,0.050418474,0.10003405,1.6183767,0.06751964,1.2810363,0.13349673,0.2685455,0.07705698,0.13961057,0.18765782,0.06633012,3.3501925,0.13961057,0.18765783,0.12787728,0.15870269,0.0954045,0.16694666,0.072212875,0.10378222,0.24748856,0.1795873,0.07221949,1.087983,0.19938973,1.5928812,0.40015796,0.24766651,0.24829938,2.2348166,0.66456085,1.3658856,0.19440073,5.490545,0.07220315,0.9409855,0.07558592,0.06429282,1.0744879,0.14541158,0.098327525,4.617027,HEALTHY
3,1.0130681,,0.08002879,3.3864207,4.0169897,0.24159838,0.27389318,0.16130683,0.29477623,1.2430013,0.3005088,0.09943825,0.35673264,0.38532627,2.2676847,0.27469254,2.8665571,0.38532627,2.2676847,0.22635631,0.12391649,0.33013746,0.059711754,0.13219333,0.09289474,0.252809,0.07636324,0.25620636,0.132236,0.19557177,0.30678234,0.08623029,0.18646768,0.2892475,0.9737414,2.0803647,1.8429251,0.5344735,2.5299838,0.27716044,18.251612,0.34391037,0.40070698,0.99343556,0.23658182,28.936518,15.411688,HEALTHY
4,0.28337818,,0.42067587,1.1025869,1.8240163,0.05496243,0.094364434,2.0350559,0.07050352,0.35662517,0.13141267,0.29578254,0.2244205,0.1545467,0.21744414,0.0698978,2.7027225,0.1545467,0.21744412,0.12553002,0.16027023,0.09579815,0.16867933,0.07488215,0.10236167,0.27078262,0.17809719,0.073708184,0.7202388,0.2095372,0.45954832,0.439588,0.27146423,0.25169328,1.5887806,0.7147498,0.9828422,0.18012983,5.2671723,0.0751017,0.9410283,0.073520675,0.06680382,1.2324562,0.1702629,0.093252376,5.089533,HEALTHY
4,0.71583205,,0.10235781,2.086487,5.1280813,0.20677651,0.2401909,0.13101019,0.23989423,0.9562548,0.26556388,0.12286089,0.19281407,0.30913085,1.4963869,0.22884086,2.4795284,0.30913085,1.4963869,0.18286502,0.11644892,0.26983303,0.051882382,0.09000452,0.055945016,0.2561266,0.08599179,0.21382119,0.102599196,0.16039573,0.28401914,0.11908397,0.19460166,0.2289722,1.0086033,1.6317108,1.6151887,0.6506132,1.982302,0.23289847,6.817875,0.30738398,0.35004917,0.94360846,0.2221634,0.7503419,12.680113,HEALTHY
5,0.29073545,,0.40468127,1.1842169,3.0250702,0.05271157,0.09945597,1.0209105,0.06802395,0.36448038,0.13329321,0.28362757,0.08284213,0.14948495,0.24398632,0.06727546,2.8376427,0.14948495,0.24398631,0.12804508,0.16163065,0.09262953,0.16511676,0.07726215,0.102805965,0.2626009,0.17966206,0.07136191,0.7593259,0.2026416,0.58157843,0.42187965,0.26204795,0.24572654,1.5941137,0.6680099,0.9952305,0.1433399,6.6471105,0.07261914,0.9238382,0.078603774,0.06369536,1.0716017,0.16079503,0.08436677,4.854668,HEALTHY
5,1.3640245,,0.076165825,3.634275,2.7123148,0.27099702,0.2890364,0.1956274,0.34780788,1.6873834,0.34253815,0.08709251,0.38219893,0.4271427,1.8896005,0.32455572,2.877719,0.4271427,1.8896008,0.25086683,0.15094449,0.38223177,0.05127122,0.11222205,0.0936043,0.26106095,0.05488705,0.29987818,0.104084335,0.22245708,inf,0.074649684,0.17373535,0.27901414,0.9463005,2.5240052,2.1634555,0.5065859,3.1314702,0.32271498,523.4581,0.37748444,0.45920247,1.0381423,0.20207062,26.426931,17.202282,HEALTHY
6,0.30124217,,0.23933466,2.057001,2.2596948,0.032477032,0.10085945,0.8316436,0.052337777,0.3711033,0.13508682,0.16700879,0.055534836,0.08896497,0.07721832,0.049252465,5.0447044,0.08896497,0.0772183,0.13190801,0.16189195,0.098238625,0.17122233,0.075199395,0.10628533,0.15349275,0.17997527,0.0649814,0.74375045,0.15944678,0.4822489,0.2499868,0.15408573,0.26052845,1.60871,0.66433334,0.99091035,0.08467415,3.2199361,0.05751005,1.3865811,0.07783367,0.039242916,1.0803145,0.094593994,0.123212405,2.9338188,HEALTHY
6,0.7959755,,0.085908934,3.1624682,5.177468,0.2091089,0.25546852,0.13439985,0.25145468,1.0534999,0.28436807,0.10620232,inf,0.3140286,1.4905747,0.23906058,3.4909859,0.3140286,1.4905747,0.1999796,0.12526046,0.29524913,0.07202598,0.10945932,0.07154014,0.23339036,0.09627466,0.22713904,0.1437986,0.16252865,0.30960074,0.10090912,0.17631204,0.25806108,1.0186346,inf,1.6473763,0.40694308,inf,0.24373376,8.155353,0.32558388,0.34979096,inf,inf,48.071426,12.872771,HEALTHY
7,0.3031504,,0.19462712,2.5618942,2.0168724,0.030650025,0.109433025,5.6238413,0.051462688,0.37263548,0.13396646,0.13948634,0.046637025,0.0827352,0.42800447,0.04755722,2.8235946,0.0827352,0.42800447,0.13197546,0.16947794,0.10984616,0.16841564,0.08923244,0.11496917,0.12953565,0.19381483,0.067374825,inf,0.14006698,inf,0.20450231,0.12850492,0.26550332,1.5778933,0.6881765,1.0011716,0.081370525,138.71553,0.05680925,2.4411523,0.08370705,0.0365722,1.0870007,0.0826316,5.2519345,2.7640266,HEALTHY
7,1.399293,,0.08385056,3.2316077,2.668155,0.27997655,0.28154463,0.2090594,0.3612144,1.7680975,0.35050902,0.09269187,inf,0.4354418,2.257485,0.33599362,2.3517156,0.43544182,2.257485,0.24924378,0.15171893,0.39367133,0.04177506,0.10690132,0.09400891,0.26601967,0.040305555,0.3117507,0.090446,0.22361791,0.39902034,0.07917247,0.17782053,0.2709981,0.94192666,inf,2.189676,1.0604705,inf,0.3346569,83.26022,0.382892,0.4716792,inf,inf,0.8144273,17.624678,HEALTHY
8,0.27513507,,0.18777597,2.4013977,2.395731,0.025695631,0.09669001,0.48544472,0.044008214,0.33859694,0.1273205,0.13321969,0.036636665,0.07117274,0.6683067,0.040525876,3.1211812,0.071172744,0.66830647,0.12413507,0.16016608,0.09568034,0.16067857,0.075627044,0.10367006,0.12275062,0.18080999,0.05850161,0.7187264,0.13683328,0.46061972,0.19609478,0.12181617,0.23339593,1.5682487,0.6729136,0.983614,0.071607225,2.6655164,0.048875064,2.8214314,0.07684285,0.031746212,1.0711881,0.07162251,1.3274834,2.3637025,HEALTHY
8,1.6368461,,0.07607236,4.00359,2.3709052,0.30669487,0.30205634,0.22463289,0.38962874,1.9315937,0.35532814,0.08703721,0.55821574,0.4922282,2.9277484,0.35774904,2.7763317,0.4922282,2.9277484,0.2735687,0.15137571,0.40914863,0.050428618,0.13249485,0.120456256,0.28123525,0.049264304,0.3248191,0.109365165,0.24527445,0.39708194,0.06949316,0.18515658,inf,0.92105025,2.9660888,2.3479264,1.5180064,2.213723,0.35381272,134.80142,0.38901088,0.51601565,1.0825689,0.1860259,43.889236,19.693748,HEALTHY
9,0.274911,,0.25230336,1.8172112,3.0066693,0.031965736,0.09484945,0.658979,0.05031206,0.34175247,0.12737636,0.17774722,0.05514474,0.09168145,0.13051882,0.047624435,2.9020307,0.09168145,0.13051885,0.123469286,0.15705031,0.09019777,0.15835212,0.07561297,0.099866495,0.16393097,0.176822,0.06115683,0.7063234,0.15786529,0.44705036,0.26241678,0.16320112,0.24002038,1.573598,0.6712166,0.9854979,0.08943317,4.318431,0.055148564,1.4565195,0.07647968,0.040299695,1.0748746,0.09506316,0.25842732,2.9508157,HEALTHY
9,inf,,0.08825374,inf,5.376346,0.3116212,0.2888939,0.23042262,0.3886344,inf,0.33119777,0.10196184,0.5862053,0.5053666,3.0763638,0.35591167,2.6045413,0.5053666,3.0763638,0.25359276,0.12971137,0.39404696,0.034661405,0.13252893,0.11838711,0.29280618,0.03583168,0.32015863,0.075073175,0.2401653,0.32905078,0.08086006,0.20312205,0.29605195,inf,2.7903666,inf,0.32754806,2.122049,0.35257086,141.5842,0.37739292,0.51888824,1.075408,0.21016447,1.3660017,20.133547,HEALTHY
